{"cameraMode":{"drawMode":0,"name":"Shaded","section":"Shading Mode"},"sceneLighting":true,"audioPlay":false,"sceneViewState":{"m_AlwaysRefresh":false,"showFog":true,"showSkybox":true,"showFlares":true,"showImageEffects":true,"showParticleSystems":true,"showVisualEffectGraphs":true,"m_FxEnabled":true},"in2DMode":false,"pivot":{"x":65.5344009399414,"y":13.25613021850586,"z":13.396796226501465},"rotation":{"x":-0.012997531332075596,"y":-0.6788970828056336,"z":0.7340287566184998,"w":-0.012019699439406395},"size":4.203623294830322,"orthographic":true}